address,lat,lon,total_tickets,total_owed,total_paid
10020 S. COMMERCIAL AVE,41.7128729,-87.5515143,9,16557.39,0
1004 W. 103RD ST,41.7066412,-87.6467766,1,2609.97,0
10042 S. YALE AVE,41.7112871,-87.6298388,4,10944.32,0
10043 S. LOWE AVE,41.7111828,-87.6390158,4,5387.86,0
10105 S. COMMERCIAL AVE,41.711567,-87.551136,9,13765.3,0
10107 S. COMMERCIAL AVE,41.711502,-87.551163,3,6923.05,0
10135 S. WALLACE ST,41.7095259,-87.637703,6,11818.14,0
1021 W. 112TH PL,41.6891844,-87.647953,3,6649.56,0
10215 S. LAFAYETTE AVE,41.7084825,-87.6245267,6,6039.01,0
1023 W. 112TH PL,41.689187,-87.6481114,4,13713.84,0
10241 S. WALLACE ST,41.707571,-87.6376499,35,64279.04,0
1025 W. 112TH PL,41.6891861,-87.6481524,3,7163.09,0
1033 W. 69TH ST,41.768521,-87.650927,33,52993.86,0
104 W. 107TH ST,41.700099,-87.625987,7,16901.16,0
1046 W. 115TH ST,41.685248,-87.6488571,4,6383.57,0
10508 S. LAFAYETTE AVE,41.7030559,-87.624944,13,25669.94,0
1051 E. 95TH ST,41.721857,-87.597673,3,3663.46,0
10516 S. LA SALLE ST,41.702948,-87.6272152,12,20486.37,0
10531 S. PERRY AVE,41.7025581,-87.6255271,21,35671.59,0
10534 S. LAFAYETTE AVE,41.7024925,-87.6248377,9,16817.19,0
10536 S. LAFAYETTE AVE,41.7024143,-87.6248185,14,26808.57,0
10539 S. PERRY AVE,41.702314,-87.625427,3,3608.85,0
1054 W. MARQUETTE RD,41.7726395,-87.6515723,1,2518.86,0
10540 S. PERRY AVE,41.7021865,-87.6261023,5,6717.18,0
10542 S. STATE ST,41.7022199,-87.623729,18,29575,0
10543 S. PERRY AVE,41.702238,-87.625425,4,5968.6,0
106 W. 103RD PL,41.7064602,-87.6261246,1,0,0
10600 S. LAFAYETTE AVE,41.7015281,-87.6248371,5,11098.11,0
10600 S. WENTWORTH AVE,41.701512,-87.628455,15,26099.98,0
10602 S. LAFAYETTE AVE,41.7014672,-87.6249023,1,2702.32,0
10602 S. WENTWORTH AVE,41.7013967,-87.6283749,19,42226.55,0
10625 S. WENTWORTH AVE,41.7008879,-87.6277484,8,10655.32,0
10626 S. MAY ST,41.7005327,-87.6510764,12,24862.68,0
10647 S. WENTWORTH AVE,41.700153,-87.6277549,7,11223.6,0
10655 S. WENTWORTH AVE,41.6999924,-87.6277395,26,32297.49,0
10718 S. EDBROOKE AVE,41.699342,-87.6199999,9,15876.39,0
10718 S. LAFAYETTE AVE,41.6992606,-87.6247503,17,36307.54,0
10740 S. PERRY AVE,41.698597,-87.626014,9,18524.04,0
10742 S. LAFAYETTE AVE,41.6986465,-87.6247493,18,34919.16,0
10746 S. LAFAYETTE AVE,41.698437,-87.624815,9,16310.55,0
10750 S. LAFAYETTE AVE,41.6983162,-87.6247969,7,13717.88,0
108 W. 103RD PL,41.7064086,-87.6262156,2,6313.28,0
10817 S. EDBROOKE AVE,41.6975824,-87.6192738,14,22577.93,0
10821 S. WENTWORTH AVE,41.6973588,-87.6276856,2,4065.99,0
10823 S. WENTWORTH AVE,41.6972561,-87.6275266,11,22949.12,0
10846 S. WENTWORTH AVE,41.696594,-87.628358,7,12971.62,0
10902 S. VERNON AVE,41.6961455,-87.6125625,1,2518.86,0
10932 S. WABASH AVE,41.695268,-87.622319,2,5381.75,0
1109 N. HAMLIN AVE,41.901249,-87.7210617,7,19672.45,0
1110 W. 66TH ST,41.774343,-87.6524699,1,2640.17,0
1111 N. HAMLIN AVE,41.9013958,-87.7212546,11,28526.23,0
1113 N. AVERS AVE,41.90133,-87.7222589,12,26647.98,0
1114 W. 110TH PL,41.693414,-87.6502827,10,20975.79,0
11147 S. VERNON AVE,41.6913013,-87.6118401,6,12445.9,0
11221 S. EDBROOKE AVE,41.6902128,-87.6192827,22,43649.47,0
11247 S. EDBROOKE AVE,41.689539,-87.6192743,8,19513.74,0
1125-1127 W. 95TH ST,41.7211137,-87.6516031,1,610.55,0
1132 S. WHIPPLE ST,41.86728,-87.702388,6,6662,0
11333 S. MORGAN ST,41.687605,-87.646896,3,6678.05,0
11336 S. MORGAN ST,41.687514,-87.647447,11,28166.36,0
11340 S. MORGAN ST,41.6872706,-87.647447,15,28721.24,0
11347 S. WALLACE ST,41.6873913,-87.6371274,28,48227.23,0
11418 S. YALE AVE,41.686447,-87.629278,13,31876.95,0
11429 S. HARVARD AVE,41.686152,-87.630978,21,37740.64,0
1144 N. RIDGEWAY AVE,41.9021618,-87.720579,3,9041.23,0
1146 W. 61ST ST,41.783525,-87.654003,5,10415.95,0
1146 W. 68TH ST,41.7707647,-87.6535847,12,31561.5,0
1146 W. MARQUETTE RD,41.772609,-87.653778,1,3756.27,0
1148 W. 68TH ST,41.77079,-87.6537589,13,37179.14,0
11515 S. HARVARD AVE,41.6847234,-87.6310354,1,1072.65,0
11517 S. HARVARD AVE,41.6846357,-87.6310257,12,24228.2,0
11521 S. HARVARD AVE,41.6845799,-87.630929,10,20074.85,0
11523 S. HARVARD AVE,41.6845182,-87.6309872,10,17125.08,0
11527 S. WENTWORTH AVE,41.684399,-87.627326,3,8127.15,0
11529 S. LA SALLE ST,41.6844139,-87.6261509,11,31257.28,0
11535 S. VINCENNES AVE,41.6835853,-87.6679701,11,12892.84,0
11548 S. LA SALLE ST,41.6838572,-87.6267555,9,12517.94,0
1155 W. 110TH ST,41.6937465,-87.6518124,1,1138.61,0
11552 S. WENTWORTH AVE,41.6836585,-87.6278845,9,19851.54,0
11557 S. PERRY AVE,41.6836452,-87.6250546,2,2279.72,0
1158 W. 68TH ST,41.770786,-87.653981,10,20846.4,0
11649 S. YALE AVE,41.682013,-87.628448,2,2480.65,0
11651 S. YALE AVE,41.681944,-87.628446,5,10378.32,0
117 W. 115TH ST,41.685027,-87.62606,7,17984.85,0
11705 S. WALLACE ST,41.681162,-87.636927,6,14619.14,0
11723 S. LOWE AVE,41.6811703,-87.6381342,2,6621.47,0
11726 S. EGGLESTON AVE,41.6807155,-87.6338692,22,36922.18,0
11732 S. PRINCETON AVE,41.680555,-87.630298,9,18837.38,0
11734 S. PRINCETON AVE,41.6804648,-87.6301871,8,19134.74,0
11735 S. NORMAL AVE,41.6804749,-87.6344667,5,9266.79,0
11738 S. PRINCETON AVE,41.680896,-87.6301371,4,11204.79,0
11747 S. LOWE AVE,41.680476,-87.638112,1,2399.71,0
11801 S. PEORIA ST,41.679468,-87.644043,6,14453.2,0
11811 S. VINCENNES AVE,41.6792234,-87.6704612,1,431.53,0
11818 S. EMERALD AVE,41.6790538,-87.6410771,15,34943.76,0
11825 S. LOWE AVE,41.678952,-87.637987,2,5232.57,0
11832 S. UNION AVE,41.6787169,-87.6398253,8,20249.47,62.02
11837 S. EGGLESTON AVE,41.678692,-87.633159,1,972.03,0
11840 S. LOWE AVE,41.6785269,-87.6386207,13,20731.19,0
11939 S. NORMAL AVE,41.6767377,-87.6343896,20,41307.83,0
12044 S. EMERALD AVE,41.674692,-87.6409045,1,1840,0
1207 W. 109TH ST,41.6956675,-87.65267,17,29782.15,0
12225 S. JUSTINE ST,41.671278,-87.660248,7,13704.82,0
12225 S. WALLACE ST,41.6716915,-87.6365562,5,12504.75,0
12225-12230 S. WALLACE ST,41.6716915,-87.6365562,3,3419.58,0
12230 S. WALLACE ST,41.6714668,-87.6371741,3,5931.77,0
12234 S. MICHIGAN AVE,41.671465,-87.6206739,8,15469.97,0
1224 W. 72ND ST,41.7634815,-87.6550028,4,4896.92,0
1228 W. 108TH PL,41.6970319,-87.653537,8,17482.96,0
1230 W. 108TH PL,41.6970311,-87.6535953,21,33582.26,0
12320 S. PERRY AVE,41.670052,-87.625175,4,7770.11,0
1233 W. 109TH ST,41.6956497,-87.6535195,3,7073.02,0
12333 S. EMERALD AVE,41.66955,-87.640092,1,1425.82,0
1239 W. 71ST PL,41.763878,-87.6555483,3,5353.72,0
12400 S. PARNELL AVE,41.6686333,-87.6358161,18,34331.05,0
12406 S. PARNELL AVE,41.66847,-87.6359095,14,28754.26,0
1241 W. 71ST PL,41.7638582,-87.6555745,4,14787.89,0
1243 W. 69TH ST,41.768411,-87.655912,5,16082.32,0
1243 W. 71ST PL,41.763868,-87.655789,4,10031.92,0
1244 E. 73RD ST,41.762611,-87.593949,5,25408.9,0
1245 S. KOLIN AVE,41.8646812,-87.7333518,3,4411.88,0
1245-1247 S. KOLIN AVE,41.8646812,-87.7333518,1,2390.23,0
125 W. 103RD ST,41.706865,-87.626969,1,1745.91,0
1250 W. 108TH ST,41.697951,-87.654147,20,33045.12,0
12624 S. INDIANA AVE,41.664254,-87.617739,1,3219.52,0
1271 W. 74TH PL,41.7584617,-87.6566295,8,18214.19,0
1279 W. 73RD PL,41.760295,-87.6569763,4,14532.32,0
1302 W. 110TH ST,41.6943,-87.654824,2,18050.42,0
1302 W. 71ST PL,41.764365,-87.657586,28,57633.14,0
1308 W. 71ST PL,41.7643449,-87.6577792,26,68247.79,0
1308 W. 72ND ST,41.7634344,-87.6576699,18,37011.38,0
1310 S. CLAREMONT AVE,41.8644511,-87.6854051,15,29345.21,0
1310 S. CLAREMONT ST,41.8644511,-87.6854051,1,0,140
1312 S. HEATH AVE,41.8643555,-87.6845583,4,7284.52,1021.39
1314 W. 73RD ST,41.761626,-87.6579749,1,2578.79,0
1315 S. HEATH AVE,41.8644253,-87.6842285,3,3393.53,0
1318 W. 74TH ST,41.7597948,-87.6579093,6,15957.85,0
132 W. 108TH PL,41.6973485,-87.6269551,2,4147.24,0
1320 W. 74TH ST,41.759805,-87.658171,14,30286.2,0
1326 W. 74TH ST,41.7597734,-87.6583729,10,17158.59,0
13307 S. CALUMET AVE,41.6531141,-87.6137204,3,5525.07,0
1334 W. 110TH ST,41.6942644,-87.6560315,10,15594.29,0
1334-1336 W. 110TH ST,41.6942644,-87.6560315,7,13258.61,0
1336 W. 110TH ST,41.6942643,-87.6560351,3,0,0
1338 S. KILDARE AVE,41.8633186,-87.7326221,28,36210.1,0
1349 W. 47TH ST,41.80843,-87.659505,3,7320.96,0
137 W. 127TH ST,41.6641356,-87.6257628,11,20554.74,0
139 W. 66TH ST,41.774257,-87.629118,8,16862.74,0
1402 W. 74TH ST,41.759791,-87.659144,22,50422.58,0
1407 W. 120TH ST,41.675528,-87.656837,2,5011,0
1408 W. 113TH PL,41.6877313,-87.65722,1,1856.6,0
1417 W. 109TH PL,41.6946429,-87.6576797,3,5246.61,0
1419 W. 109TH PL,41.694648,-87.657872,3,5106.27,0
1422 E. 75TH ST,41.7589686,-87.5898196,24,44775.77,0
1422 W. 113TH PL,41.6877227,-87.6578625,21,40578.6,0
1423 S. ASHLAND AVE,41.862568,-87.665868,4,5676.57,0
1423-1425 S. ASHLAND AVE,41.862568,-87.665868,1,923.21,0
1425 S. ASHLAND AVE,41.862501,-87.665866,6,11167.16,0
1431 W. 109TH PL,41.694661,-87.6581584,7,11576.39,0
1432 W. 61ST ST,41.783432,-87.66085,18,42268.68,0
1436 W. 61ST ST,41.78343,-87.660962,17,44587.46,0
1438 W. 61ST ST,41.783428,-87.661076,11,37286.79,0
1459 W. ROOSEVELT RD,41.866625,-87.663843,3,11747.36,0
1472 W. 73RD PL,41.760661,-87.661713,15,28521.45,0
15 E. 61ST ST,41.7837155,-87.6247922,1,616.14,0
15 E. 63RD ST,41.7798053,-87.6248337,1,0,2283.16
1500 W. MARQUETTE RD,41.772495,-87.661821,20,44456.4,0
1518-1532 W. MILLARD,41.8781136,-87.6297982,1,-184.3,801.81
1519 W. 63RD ST,41.779241,-87.662724,10,12615.73,0
1520 S. MILLARD AVE,41.860116,-87.716812,6,11200.53,0
1524 W. 71ST ST,41.7651343,-87.6623959,1,0,0
1529 W. 113TH PL,41.6872534,-87.6610624,6,18872.82,0
1537 S. HOMAN AVE,41.8597698,-87.7100455,7,10799.65,0
1548 S. SAWYER AVE,41.8594821,-87.7070451,24,34871.65,0
16 W. 107TH ST,41.6997002,-87.6259057,3,9178.61,0
1601 S. ST LOUIS AVE,41.858854,-87.712417,22,33854.47,0
1648 S. PULASKI RD,41.857402,-87.7252759,2,-28.13,0
1651 W. 71ST ST,41.7646254,-87.6657649,6,8313.19,0
1847 W. 59TH ST,41.7865089,-87.6711019,14,23843.12,0
1851 W. 59TH ST,41.786502,-87.6713109,6,15415.59,0
20 E. 54TH ST,41.796726,-87.624871,3,1601.55,0
20 W. 107TH ST,41.6998586,-87.6242634,1,0,0
2003 W. 70TH PL,41.7654657,-87.6737699,3,7264.38,0
2017 W. 53RD ST,41.79731,-87.675272,3,13888.98,0
2020 W. 52ND PL,41.7982704,-87.6753981,6,11635.04,0
208 S. CICERO AVE,41.8782424,-87.7455515,1,528.26,0
208-210 S. CICERO AVE,41.8782424,-87.7455515,1,599.37,0
2120 W. 69TH PL,41.767767,-87.677045,5,10459.5,0
2139 W. 52ND PL,41.7977524,-87.6783371,1,1643.18,0
215 W. 108TH ST,41.697731,-87.62873,12,24666.71,0
217 W. 108TH ST,41.69773,-87.628843,10,18730.07,0
22 E. 54TH ST,41.796728,-87.624779,3,3038.4,0
221 N. KILDARE AVE,41.884111,-87.732641,8,24891.56,0
222 W. 108TH PL,41.6972672,-87.6290111,18,34751.46,0
222 W. 110TH PL,41.693697,-87.6288579,7,16878.27,0
2238 S. RIDGEWAY AVE,41.850401,-87.718977,23,56445.02,0
2246 S. RIDGEWAY AVE,41.850266,-87.719,17,23385.61,0
226 W. 108TH PL,41.6972719,-87.6292425,11,23397.84,0
227 S. CICERO AVE,41.877192,-87.744885,35,40640.9,1055.08
228 W. 107TH ST,41.6999789,-87.629416,10,16021.85,0
228 W. 108TH PL,41.6973311,-87.6293387,13,19605.7,1021.16
232 W. 107TH ST,41.6999625,-87.6296198,14,23279.29,0
233 W. 107TH PL,41.6986447,-87.6295911,6,10308.31,0
234 W. 103RD ST,41.70737,-87.629702,3,5073.11,0
235 W. 104TH PL,41.7042004,-87.6295711,4,2881.99,1839.38
236 W. 103RD ST,41.707369,-87.629802,4,3319.69,0
2459 E. 74TH PL,41.759609,-87.564076,4,11926.52,0
252 W. 105TH PL,41.7027912,-87.6301565,3,7591.25,0
2527 W. WARREN BLVD,41.8818141,-87.6896416,3,2530.34,5221.42
253 W. 104TH ST,41.7050645,-87.6302695,1,2524.14,0
26 W. 110TH ST,41.6946557,-87.6241488,4,8948.07,0
262 W. 107TH ST,41.7000253,-87.630494,8,10321.95,0
2646 W. ADAMS ST,41.878646,-87.693156,5,5391.56,0
2719 W. LAKE ST,41.884097,-87.6946614,2,1896.3,0
2739 W. LAKE ST,41.8840797,-87.6955464,6,12788.31,0
2801 W. JACKSON BLVD,41.8771656,-87.6964121,14,22382.41,0
2820 W. LEXINGTON ST,41.8722204,-87.6970189,5,13621.47,0
300-310 S. CALIFORNIA AVE,41.877434,-87.6961692,10,20383.13,0
3001 W. LAKE ST,41.8869507,-87.75556,1,3324.81,0
301 W. 103RD ST,41.706816,-87.63086,12,21769.58,0
305 W. 103RD ST,41.706815,-87.630953,13,27233.09,0
3100 W. LAKE ST,41.8843966,-87.7039068,6,14555.33,0
3102 W. LAKE ST,41.884482,-87.703985,1,2725.92,0
3104 W. LAKE ST,41.884484,-87.704058,4,8366.53,0
3106 W. LAKE ST,41.884486,-87.704131,3,6902.19,0
3108 W. LAKE ST,41.884488,-87.704211,3,7180.72,0
3150 W. HURON,41.8938719,-87.7057167,1,0,361.07
316 E. 134TH ST,41.651069,-87.613231,5,12525.22,0
318 E. 134TH ST,41.6520512,-87.614682,2,3739.79,0
318 W. 104TH ST,41.705509,-87.631511,8,11353.41,0
324 W. 108TH PL,41.697311,-87.631525,8,15894.77,0
3252 W. WALNUT ST,41.8855772,-87.7082172,3,8506.46,0
326 W. 110TH ST,41.6944794,-87.6312953,1,2383.83,0
328 W. 110TH ST,41.6944994,-87.6315365,1,2383.83,0
329 W. 111TH ST,41.6922623,-87.6315559,2,2143.02,0
3302 W. WALNUT ST,41.8856011,-87.7090326,1,1308.6,0
332 W. 109TH ST,41.6963985,-87.6317062,7,10562.9,0
333 W. 111TH PL,41.6913261,-87.6315842,3,6712.7,0
333 W. 112TH ST,41.6904146,-87.631496,2,2857.35,0
335 W. 112TH ST,41.6904139,-87.631658,13,21667.59,0
339 W. 112TH ST,41.690438,-87.631793,8,17467.23,0
340 W. 103RD ST,41.707338,-87.632372,21,43259.72,0
341 W. 111TH PL,41.691319,-87.631903,2,8887.74,0
3418 S. LAFLIN ST,41.8451195,-87.6639059,1,1848.04,0
342 W. 109TH PL,41.695481,-87.632119,4,8285.19,0
344 W. 109TH PL,41.6953874,-87.6321728,8,11556.71,0
349 W. 110TH ST,41.694031,-87.632354,8,9873.28,0
3515 E. 95TH ST,41.722642,-87.538241,1,1605.88,0
355 W. 109TH PL,41.695018,-87.6321921,11,19081.74,0
357 W. 117TH ST,41.6812911,-87.6320346,21,38439.6,0
3934 W. ONTARIO ST,41.8925089,-87.724942,4,6184.82,0
3936 W. ONTARIO ST,41.892508,-87.725014,7,6048.76,0
3950-3956 W. LEXINGTON ST,41.871853,-87.724924,1,1966,0
3954-3956 W. LEXINGTON ST,41.8718548,-87.7250352,1,2050.38,0
3956 W. LEXINGTON ST,41.8718547,-87.7250505,3,4594.99,0
4006 W. POLK ST,41.871142,-87.7258406,7,6130.56,0
401 W. 103RD PL,41.7056686,-87.6336122,10,12017.43,0
402 W. 111TH ST,41.692734,-87.633083,7,11999.46,0
4038 W. 16TH ST,41.859083,-87.727203,13,17092.59,0
406 W. 61ST ST,41.783806,-87.635486,2,4014.97,0
408 W. 61ST ST,41.783804,-87.635587,2,4014.97,0
410 W. 109TH ST,41.6963414,-87.6331752,5,7463.71,0
410 W. 118TH ST,41.680009,-87.6328107,1,1115.93,0
410 W. 61ST ST,41.7837957,-87.6357448,4,6605.14,0
4112 W. 16TH ST,41.85907,-87.728072,13,22700.72,0
4118 W. 16TH ST,41.859067,-87.7282479,12,19650.98,0
4135 W. HARRISON ST,41.8731389,-87.7292762,7,13024.01,0
417 W. 69TH ST,41.7687805,-87.6354481,5,10185.2,0
417-427 W. 69TH ST,41.7687805,-87.6354481,5,5257.87,0
420 W. 103RD ST,41.7073279,-87.633758,2,4717.05,0
4221 W. MAYPOLE AVE,41.884234,-87.731585,18,33138.43,0
423 W. 103RD ST,41.7068135,-87.6341542,6,15775.23,0
4247 W. 16TH ST,41.858515,-87.731679,3,7413.79,0
4259 W. 16TH ST,41.858508,-87.732122,11,23798.2,1040.91
427 W. 69TH ST,41.768762,-87.6356689,7,8691.47,0
429 W. 110TH PL,41.693111,-87.634078,2,1274.66,0
432 N. CICERO AVE,41.888884,-87.7459462,3,3856.88,0
432 W. 79TH PL,41.7499973,-87.6358464,1,1830.61,0
433 N. RIDGEWAY AVE,41.8891225,-87.7194666,2,6097.8,0
434 N. CICERO AVE,41.8889299,-87.7459241,1,1227.3,0
4342 W. MADISON ST,41.8810092,-87.734841,4,4094,0
435 N. HAMLIN AVE,41.889136,-87.720642,10,12111.47,1494.33
436 N. CICERO AVE,41.8889717,-87.7459302,6,12854.3,0
439 N. AVERS AVE,41.8891916,-87.7218989,10,13406.17,0
4407 W. MAYPOLE AVE,41.884183,-87.73595,28,52680.13,0
442 W. 79TH PL,41.7500322,-87.6358896,19,20681.74,0
443 W. 102ND PL,41.707696,-87.635368,5,11355,0
445 N. RIDGEWAY AVE,41.8893626,-87.719449,8,3944.61,901.28
451 N. AVERS AVE,41.8896179,-87.7219362,3,11109.87,0
4524 W. WILCOX ST,41.878979,-87.739595,4,2370.39,0
4540 W. WILCOX ST,41.87898,-87.739504,7,10070.07,0
4547 W. POLK ST,41.8700515,-87.7396365,45,47300.27,240
4548 W. WILCOX ST,41.878976,-87.739778,1,1789.94,0
4555 W. MONROE ST,41.879333,-87.73979,16,25274.09,0
458 W. 61ST ST,41.7837993,-87.6372724,24,36987.3,0
459 N. HARDING AVE,41.889742,-87.724352,5,4249.28,0
4600 W. FLOURNOY ST,41.872689,-87.740663,1,628.53,0
4602 W. FLOURNOY ST,41.872544,-87.740711,2,1391.54,0
4612 W. ADAMS ST,41.87845,-87.740943,9,13838.83,0
4614 W. OHIO ST,41.891709,-87.741657,4,4143.71,0
4635 W. ERIE ST,41.8920663,-87.7423634,20,39588.91,0
4645 W. ERIE ST,41.892077,-87.7427833,10,18345.62,0
4710 W. FLOURNOY ST,41.872517,-87.743132,9,14638.2,0
4720 W. FLOURNOY ST,41.872513,-87.743453,3,3286.04,0
4724 W. FLOURNOY ST,41.872512,-87.743545,9,15160.52,0
4727 W. ERIE ST,41.8920419,-87.744513,1,2997.68,0
4728 W. FLOURNOY ST,41.8725521,-87.7439919,1,1045.31,0
4740 W. POLK ST,41.8707359,-87.7441592,4,6989.21,0
4741 W. HARRISON ST,41.8729205,-87.7441544,4,5966.11,0
4741-4745 W. HARRISON ST,41.8729205,-87.7441544,1,1854.76,0
4743-45 W. HARRISON ST,41.8729344,-87.7442155,1,927.63,0
4743-4745 W. HARRISON ST,41.8729175,-87.7442765,12,15033.08,0
4745 W. HARRISON ST,41.872927,-87.744296,10,12497.86,0
4751-4757 W. JACKSON BLVD,41.8768172,-87.7448386,5,8803.67,0
4820 S. SHIELDS AVE,41.80681,-87.634851,2,1622.08,0
4826 W. KINZIE ST,41.888104,-87.746799,21,26287.26,0
4925 S. HALSTED ST,41.8043959,-87.6449998,1,136.04,0
4947 S. ASHLAND AVE,41.8034978,-87.6644384,1,0,0
5001 S. HALSTED ST,41.803295,-87.64502,1,3934.12,0
5012 S. ASHLAND AVE,41.8026567,-87.6652056,6,-0.04,2407.89
5017 S. ASHLAND AVE,41.8025756,-87.6644676,3,426.14,0
5027 S. ASHLAND AVE,41.8022458,-87.6644809,5,8482.29,0
5044 S. ADA ST,41.801913,-87.6590779,7,30048.81,0
508 W. 103RD ST,41.707304,-87.6359152,1,1508.42,0
5101 W. CHICAGO AVE,41.8947142,-87.7533806,11,13045.88,0
5117 S. WOLCOTT AVE,41.8006848,-87.6717407,18,33279.33,563.92
513 W. 111TH ST,41.692181,-87.635704,3,6740.5,0
517 W. 80TH ST,41.748651,-87.637415,13,31955.39,0
5209 S. CARPENTER ST,41.7993152,-87.6511573,13,24030.26,0
521 W. 80TH ST,41.748649,-87.637547,7,17343.59,0
5220 W. DIVISION ST,41.902442,-87.7566705,16,15557.06,979.05
5222 S. MAY ST,41.7988871,-87.654088,3,5088.24,0
5229 S. MORGAN ST,41.7987695,-87.6498046,2,6600.92,0
5232 S. ASHLAND AVE,41.798572,-87.6650797,6,8135.23,0
5236 S. ASHLAND AVE,41.798418,-87.665104,4,4279.05,0
5238 S. PEORIA ST,41.7985789,-87.648059,19,38819.26,0
5238-5242 S. PEORIA ST,41.798568,-87.6480448,10,21220.06,0
5242 S. PEORIA ST,41.79851,-87.648058,12,22729,0
5243 S. SEELEY AVE,41.797643,-87.675325,5,9543.17,0
529 W. 61ST PL,41.7824291,-87.6386892,21,38604.15,926.55
5306 S. PRINCETON AVE,41.7978766,-87.6333857,2,3163.44,0
5311 S. DAMEN AVE,41.7972647,-87.6740507,12,26186.97,0
5315 S. HALSTED ST,41.7974561,-87.6448132,3,2477.78,0
5321 S. HONORE ST,41.7970193,-87.6704967,20,35175.44,0
5419 S. ASHLAND AVE,41.795255,-87.6642441,3,17611.84,0
5421 S. ABERDEEN ST,41.7953995,-87.6521443,8,34798.38,0
546 W. 60TH PL,41.784591,-87.6394186,1,2933.71,0
551 W. 124TH ST,41.667965,-87.636342,7,13044.35,0
5514 S. EMERALD AVE,41.7933718,-87.644236,6,10467.52,0
5520 S. ASHLAND AVE,41.7929662,-87.6649789,20,30061.01,682
5522 S. LAFLIN ST,41.792955,-87.662483,16,29410.25,0
5524 S. MAY ST,41.7930676,-87.6539335,5,9316.44,0
5529 S. EMERALD AVE,41.7930888,-87.6435509,1,3270.36,0
5535 S. ASHLAND AVE,41.7926524,-87.6641568,1,575.13,0
554 N. RIDGEWAY AVE,41.891522,-87.720205,1,1077.21,0
5542 S. ASHLAND AVE,41.792376,-87.664945,16,25109.36,600
5542 S. DAMEN AVE,41.792256,-87.674615,8,8054.57,0
5554 S. LAFLIN ST,41.792406,-87.6624719,19,43468.64,0
559 W. 123RD ST,41.670417,-87.6366643,22,69640.94,0
5600-5602 S. THROOP ST,41.7922753,-87.6572461,1,4712.2,0
5601 S. ASHLAND AVE,41.7919735,-87.6641448,1,3581.71,0
5602 S. THROOP ST,41.7920987,-87.6575234,10,20258.55,0
5608 S. ELIZABETH ST,41.792007,-87.656394,7,14030.94,0
5610 S. EMERALD AVE,41.7921144,-87.6442368,5,11037.33,0
5613 S. MAY ST,41.791911,-87.653262,5,18736.26,0
5621 S. STATE ST,41.792011,-87.6254474,29,70974.29,0
5622 S. SANGAMON ST,41.791695,-87.649087,1,1985.32,0
5627 S. JUSTINE ST,41.7914693,-87.6629718,6,11524.81,0
5629 S. ELIZABETH ST,41.791511,-87.6557071,6,13658.24,0
5631 S. JUSTINE ST,41.7912432,-87.6629352,7,19365.84,0
5631 S. LAFLIN ST,41.7912847,-87.6617784,6,7924.66,0
5631 S. STATE ST,41.7919419,-87.625246,8,15679.46,0
5637 S. STATE ST,41.7916669,-87.625158,16,35552.55,0
5637-5643 S. STATE ST,41.7916669,-87.625158,5,3228.35,0
5639 S. ASHLAND AVE,41.7911295,-87.6641282,1,1057.6,0
5641 S. ASHLAND AVE,41.791004,-87.664123,2,2030.44,0
5643 S. ASHLAND AVE,41.790935,-87.664121,1,2441.38,0
5643 S. RACINE AVE,41.7911026,-87.6544691,10,14198.81,0
5647 S. STATE ST,41.791499,-87.625153,14,24815.08,0
5647-5649 S. STATE ST,41.791499,-87.625153,1,1977.06,0
5649 S. STATE ST,41.791431,-87.625151,6,15523.61,0
5655 S. PEORIA ST,41.790823,-87.647146,37,75295.85,0
5655 S. TROY ST,41.7900701,-87.7018689,1,451.27,0
5656 S. JUSTINE ST,41.7905725,-87.6636037,24,40370.81,986.92
5700 S. GREEN ST,41.7904848,-87.6466059,36,87764.11,0
5700 S. SANGAMON ST,41.7904115,-87.648989,22,43232.82,0
5701 S. GREEN ST,41.790542,-87.645939,21,49781.02,0
5705 S. GREEN ST,41.790475,-87.645937,16,38889.14,0
5706 S. ASHLAND AVE,41.79003,-87.6648869,2,2793.55,0
5706 S. LA SALLE ST,41.7906517,-87.6294767,6,11520.9,0
5709 S. GREEN ST,41.7902469,-87.6459282,22,56529.99,0
5720 S. EMERALD AVE,41.790052,-87.6441862,4,7090.72,0
5720 S. LA SALLE ST,41.790402,-87.629559,2,3935.78,0
5722 S. EMERALD AVE,41.789904,-87.644177,3,6329.59,0
5727 S. THROOP ST,41.7896989,-87.6568489,1,1642.57,0
5728 S. BISHOP ST,41.7896785,-87.6611675,4,9758.03,0
5731 S. CARPENTER ST,41.7896045,-87.6508146,14,38215.39,0
5739 S. ELIZABETH ST,41.789433,-87.6557721,10,15068.57,0
5740 S. JUSTINE ST,41.78919,-87.663588,7,12191.24,0
5742 S. JUSTINE ST,41.789121,-87.663586,10,17369.82,0
5746 S. JUSTINE ST,41.789052,-87.663584,15,22708.01,0
5748 S. GREEN ST,41.7892592,-87.6465573,3,7148.35,0
5751 S. ASHLAND AVE,41.788908,-87.664072,7,10900.57,4254.12
5754 S. STATE ST,41.789382,-87.625934,1,1042.71,0
5759 S. HOYNE AVE,41.7886806,-87.6762504,15,35836.44,0
5762 S. STATE ST,41.789176,-87.625929,1,2732.72,0
5764 S. STATE ST,41.789108,-87.625927,2,1816.9,0
5800 S. LOWE AVE,41.78875,-87.64172,12,20639.64,0
5800 S. SANGAMON ST,41.788576,-87.649007,27,51869.72,0
5801 S. CARPENTER ST,41.7886126,-87.6507775,10,34593.61,0
5801 S. UNION AVE,41.7887064,-87.6422581,4,7123.62,0
5803 S. CARPENTER ST,41.7885952,-87.6508581,7,16369.93,0
5803 S. JUSTINE ST,41.7884636,-87.6628375,23,44591.47,0
5803 S. UNION AVE,41.7886898,-87.6422578,3,3857.65,0
5804 S. LOWE AVE,41.788672,-87.641716,3,2633.98,0
5804 S. MAY ST,41.7885143,-87.6537949,20,50826.09,0
5805 S. UNION AVE,41.7886075,-87.6422308,4,6838.76,0
5806 S. LOWE AVE,41.7886049,-87.641716,11,13994.06,0
5812 S. HERMITAGE AVE,41.787994,-87.668432,18,28286.28,0
5812 S. LOWE AVE,41.788482,-87.641713,11,16039.46,0
5816 S. LOWE AVE,41.788311,-87.641709,11,19401.89,0
5819 S. ABERDEEN ST,41.788157,-87.65195,1,1802.66,0
5821 S. SANGAMON ST,41.788153,-87.648296,2,11825.38,0
5831 S. CARPENTER ST,41.7877671,-87.6507129,2,3098.43,0
5832 S. GREEN ST,41.787762,-87.6465599,19,14193.81,0
5835 S. JUSTINE ST,41.787629,-87.662853,14,27646.5,0
5838 S. ELIZABETH ST,41.7875801,-87.6562756,6,5784.61,0
5839 S. JUSTINE ST,41.787458,-87.662849,11,24233.34,0
5843 S. SHIELDS AVE,41.7878158,-87.6336795,27,50199.2,0
5844 S. GREEN ST,41.7874348,-87.6464809,6,5869.89,0
5900 S. LOOMIS BLVD,41.786583,-87.659899,19,36873.39,0
5919 S. MORGAN ST,41.7864183,-87.6494838,14,25000.24,0
5919 S. WENTWORTH AVE,41.7866017,-87.6299677,4,6525.75,0
5922 S. ASHLAND AVE,41.7860134,-87.6647595,1,0,0
5922 S. LAFLIN ST,41.7860572,-87.662308,28,64955.83,0
5924 S. GREEN ST,41.7862287,-87.6465131,5,11667.11,0
5926 S. HERMITAGE AVE,41.7859795,-87.6682395,1,2490.42,0
5931 S. MORGAN ST,41.7859759,-87.6495386,8,11884.11,0
5934 S. MORGAN ST,41.785943,-87.6501339,5,6699.54,0
5935 S. STATE ST,41.7863982,-87.6250188,9,9791.47,0
5935 S. WENTWORTH AVE,41.7863553,-87.6299752,4,5348.36,0
5936 S. ASHLAND AVE,41.7856242,-87.6645711,1,0,0
5937 S. HERMITAGE AVE,41.7855855,-87.6677387,10,25850.93,0
5937 S. MORGAN ST,41.785888,-87.64946,3,6645.5,0
5937 S. STATE ST,41.786275,-87.62501,4,8423.47,0
5939 S. MORGAN ST,41.78582,-87.649458,3,5502.82,0
5940 S. LAFLIN ST,41.7856312,-87.662302,12,31480.31,0
5944 S. MAY ST,41.7855566,-87.6537393,1,2295.3,0
5946 S. UNION AVE,41.785642,-87.642878,33,60067,0
5950 S. RACINE AVE,41.7854675,-87.6543418,11,20285.06,0
5958 S. LAFLIN ST,41.785096,-87.662285,7,17705.46,0
6009 S. MORGAN ST,41.78482,-87.649433,4,7157.01,0
601 W. 103RD ST,41.7068436,-87.6389344,3,7567.63,0
6010 S. SANGAMON ST,41.7847755,-87.648918,7,14490.97,0
6011 S. MORGAN ST,41.784751,-87.649431,3,7421.54,0
6012 S. JUSTINE ST,41.784473,-87.6634881,11,24530.77,0
6016 S. JUSTINE ST,41.7844345,-87.6634769,12,26397.3,0
6018 S. JUSTINE ST,41.7844085,-87.6634271,11,25577.02,0
6026 S. MARSHFIELD AVE,41.7842567,-87.6658406,18,30325.14,0
6027 S. LAFAYETTE AVE,41.784738,-87.626226,1,3949.09,0
6028 S. MARSHFIELD AVE,41.784042,-87.665902,17,28723.04,0
6031 S. HERMITAGE AVE,41.7840017,-87.6676591,10,13580.34,0
6032 S. ADA ST,41.7840678,-87.6586011,15,33821.46,0
6034 S. UNION AVE,41.783988,-87.642709,11,27074.3,0
6037 S. STATE ST,41.784472,-87.624965,5,8561.52,0
604 W. 62ND ST,41.781856,-87.640269,22,48065.96,814.46
6041 S. ADA ST,41.7837556,-87.6579615,8,19451.68,0
6044 S. GREEN ST,41.7838314,-87.646479,7,13860.95,0
6046 S. STATE ST,41.784051,-87.625795,10,12608.48,0
6049 S. ASHLAND AVE,41.7835722,-87.6639571,2,2546.88,0
6050 S. STATE ST,41.7838365,-87.6257766,3,2440.74,0
6057 S. DAMEN AVE,41.783266,-87.6736598,5,7113.28,0
610-612 S. CICERO AVE,41.8726225,-87.7452019,1,143.23,200
6106 S. SANGAMON ST,41.7830996,-87.6488279,6,12091.66,0
6107 S. SANGAMON ST,41.7829694,-87.6482763,1,1840,0
611 W. 123RD ST,41.6703804,-87.6374332,14,28606.63,0
6114 S. ABERDEEN ST,41.7827,-87.652511,13,24234.92,0
6115 S. ASHLAND AVE,41.7825595,-87.6639312,4,767.65,0
6117 S. ASHLAND AVE,41.7825071,-87.6638998,1,0,0
6118 S. PRINCETON AVE,41.7830241,-87.6330169,6,11753.75,0
6129 S. WOOD ST,41.7821842,-87.6688914,9,26573.78,0
6152 S. WINCHESTER AVE,41.7814828,-87.6730601,17,30533.33,0
6156-6158 S. ASHLAND AVE,41.7814733,-87.6648214,1,1615.87,0
6159 S. MORGAN ST,41.7816739,-87.6494027,12,28455.58,0
617 W. 69TH ST,41.768686,-87.6403969,2,3663.49,0
618 E. 93RD ST,41.725909,-87.608573,11,28365.02,0
618 S. CICERO AVE,41.8724314,-87.7453316,1,1608.33,0
6200 S. MORGAN ST,41.7813475,-87.6500243,3,4600.72,0
6202 S. MORGAN ST,41.7813276,-87.6500162,2,3508.03,0
6205 S. RACINE AVE,41.7811097,-87.654201,11,20583.26,0
6208 S. WINCHESTER AVE,41.78085,-87.673092,1,888.65,0
6210 S. MORGAN ST,41.781081,-87.650035,17,28272.79,0
6210 S. WINCHESTER AVE,41.7807824,-87.6730422,30,54351.13,0
6233 S. RACINE AVE,41.780373,-87.654182,15,29123.72,0
6239 S. RACINE AVE,41.7802809,-87.6542699,13,23305.62,0
624 W. 111TH ST,41.6926654,-87.6384881,23,46285.99,949.41
6241 S. JUSTINE ST,41.780102,-87.662673,3,3615.4,0
629 E. 103RD ST,41.707141,-87.607897,6,12759.02,0
6316 S. SANGAMON ST,41.77912,-87.648773,4,7616.87,0
6318 S. SANGAMON ST,41.779035,-87.648771,11,24146.6,0
6320 S. CHAMPLAIN AVE,41.779673,-87.609915,7,15226.79,0
6326 S. EBERHART AVE,41.7795002,-87.6135525,3,6463.81,0
6326 S. HOYNE AVE,41.778397,-87.6766894,7,11995.13,0
6326 S. PARNELL AVE,41.77901,-87.639071,3,4587.96,0
6333 S. MARSHFIELD AVE,41.778369,-87.665119,7,10779.01,0
6336 S. CARPENTER ST,41.7785812,-87.6511625,13,23292.39,0
6341 S. ABERDEEN ST,41.778461,-87.651703,9,17843.92,0
6345 S. SEELEY AVE,41.7778847,-87.6748422,10,22137.81,0
6346 S. EVANS AVE,41.7790649,-87.6075601,3,5814.38,0
6346 S. WINCHESTER AVE,41.7778336,-87.6729471,6,24025.01,0
6352 S. PAULINA ST,41.777824,-87.667001,29,56474.78,0
6353 S. MAY ST,41.7781452,-87.6529389,5,7795.49,0
6354 S. MAY ST,41.7780178,-87.6535466,1,1773.43,0
6356 S. WOOD ST,41.777723,-87.669409,31,63358.23,0
636 E. 65TH ST,41.7768572,-87.6092677,1,1777.1,0
638 W. 57TH ST,41.790991,-87.641777,21,43719.42,0
639 E. 92ND PL,41.7263141,-87.6079062,16,38151.19,0
64 W. 103RD PL,41.7064427,-87.6259843,6,10586.64,0
6401 S. MORGAN ST,41.777714,-87.649247,10,27725.71,0
6403 S. PAULINA ST,41.77744,-87.666297,23,45806.39,0
6407 S. JUSTINE ST,41.7774775,-87.6626176,14,31444.84,0
6414 S. ASHLAND AVE,41.7769591,-87.6645283,18,26102.56,0
6415 S. HAMILTON AVE,41.7769509,-87.677161,9,19728.8,0
6416 S. MARSHFIELD AVE,41.777036,-87.665777,25,49673.44,0
6422 S. ASHLAND AVE,41.7768,-87.66452,2,783.04,5612.36
6423 S. HERMITAGE AVE,41.776869,-87.667484,3,4208.8,0
6426 S. ASHLAND AVE,41.7768276,-87.664559,6,7143.07,0
6427 S. ASHLAND AVE,41.7768668,-87.6638054,6,10881.56,0
6427 S. WOOD ST,41.7767156,-87.6687563,30,50591.92,0
6430 S. JUSTINE ST,41.7766824,-87.6632571,7,17499.71,0
6431 S. ASHLAND AVE,41.7767259,-87.663766,11,18999,0
6433 S. CARPENTER ST,41.7768393,-87.6505087,2,8167.32,0
6442 S. WINCHESTER AVE,41.7762428,-87.6728794,12,9798.44,0
6443 S. LAFLIN ST,41.7764392,-87.6613979,1,3728.14,0
6444 S. LAFLIN ST,41.7763241,-87.6619469,1,4720.03,0
6445-6447 S. LAFLIN ST,41.7763849,-87.6614156,1,1046.12,0
6447 S. CARPENTER ST,41.776526,-87.6504502,4,11865.69,0
6447 S. LAFLIN ST,41.776331,-87.6614139,4,10225.59,0
6449 S. CARPENTER ST,41.7763799,-87.6504228,7,19393.03,0
6449 S. LAFLIN ST,41.776278,-87.661355,8,18017.71,0
6451 S. LAFLIN ST,41.776209,-87.661353,9,21035.73,0
6452 S. ABERDEEN ST,41.7761809,-87.6525157,11,15676.09,0
6454 S. SEELEY AVE,41.7758306,-87.6753568,14,23512.43,0
649 E. 72ND ST,41.7638771,-87.6081659,1,0,0
6500 S. HERMITAGE AVE,41.775636,-87.668143,25,56583.08,0
6504 S. ABERDEEN ST,41.7757991,-87.6522995,13,28600.37,0
6507 S. MARSHFIELD AVE,41.7755273,-87.6650474,39,82596.14,0
6511 S. ABERDEEN ST,41.7756748,-87.6516277,15,31519.72,0
6511 S. MARSHFIELD AVE,41.775429,-87.6650389,38,75321.96,0
6512 S. CARPENTER ST,41.7756141,-87.6510134,15,31131.04,0
6513 S. ABERDEEN ST,41.7755333,-87.6517208,12,31885.1,0
6514 S. MORGAN ST,41.775506,-87.64989,9,23804.28,0
6515 S. CARPENTER ST,41.775613,-87.6505555,7,14826.72,0
6516 S. HOYNE AVE,41.7751982,-87.6766099,3,11171.72,0
6516 S. MORGAN ST,41.775438,-87.649889,11,26028.98,0
6517 S. CARPENTER ST,41.7755609,-87.6505115,7,9441.13,0
6519 S. BISHOP ST,41.7752215,-87.6602475,22,46800.51,0
6519 S. SEELEY AVE,41.7750494,-87.67475,20,47308.3,0
6520 S. BISHOP ST,41.775218,-87.660812,23,38736.16,0
6520 S. CARPENTER ST,41.7753156,-87.6510754,16,35857.89,0
6520 S. HOYNE AVE,41.775006,-87.67659,12,30068.82,0
6521 S. CARPENTER ST,41.7753197,-87.6504504,8,15983.96,0
6522 S. HOYNE AVE,41.7748539,-87.6765543,21,54578.45,0
6523 S. CARPENTER ST,41.7752509,-87.6504007,5,9921.52,0
6526 S. DAMEN AVE,41.7749049,-87.6741459,13,28047.27,0
6536 S. BISHOP ST,41.7747454,-87.6607249,15,48230.62,0
6537 S. RHODES AVE,41.775569,-87.611577,3,5816.75,0
6540 S. ASHLAND AVE,41.7745793,-87.6644879,34,59914.6,0
6544 S. ASHLAND AVE,41.7745333,-87.6644872,5,8015.07,0
6546 S. ASHLAND AVE,41.774406,-87.664501,5,6298.35,0
6549 S. PEORIA ST,41.774597,-87.6467289,16,31467.7,0
6557 S. MAY ST,41.774405,-87.652809,2,5732.74,0
6557 S. PARNELL AVE,41.767283,-87.638063,7,11950.96,0
6558 S. SANGAMON ST,41.7743524,-87.6485433,39,75557.83,0
6601 S. MORGAN ST,41.7740727,-87.6492393,12,27297.02,0
6603 S. MORGAN ST,41.774043,-87.649153,7,14265.96,0
6606 S. WOLCOTT AVE,41.773597,-87.6716265,3,4934.89,0
6607 S. LOWE AVE,41.774056,-87.640378,17,30104.41,0
6612 S. CARPENTER ST,41.773726,-87.6510629,16,28768.1,0
6615 S. MICHIGAN AVE,41.7743979,-87.6223799,7,17763.08,0
6621 S. HOYNE AVE,41.7731886,-87.6759312,26,65331.09,0
6621 S. JUSTINE ST,41.773409,-87.6625344,2,1340.94,0
6623 S. JUSTINE ST,41.7732688,-87.6624935,5,10065.48,0
6623 S. MAY ST,41.7734791,-87.6528671,14,29775.14,0
6627 S. JUSTINE ST,41.7732372,-87.6624849,3,7680.89,0
6629 S. JUSTINE ST,41.7731024,-87.6625217,10,32514.63,0
6630 S. HARTWELL AVE,41.7739729,-87.6218426,17,46506.46,0
6634 S. MAY ST,41.77314,-87.653475,14,38260.5,0
6636 S. HARTWELL AVE,41.7738409,-87.6218082,12,30839.83,0
6637 S. HONORE ST,41.7728309,-87.669781,21,34347.29,0
6638 S. CARPENTER ST,41.7730372,-87.651045,2,0,0
6638 S. HARTWELL AVE,41.7737645,-87.621856,11,22502.09,0
6638 S. WOOD ST,41.7727123,-87.6691757,4,9834.11,0
6640 S. PERRY AVE,41.7732932,-87.6286256,12,21455.38,0
6641 S. HONORE ST,41.7726932,-87.6698115,17,34258.44,0
6642 S. WOOD ST,41.7726632,-87.6691515,5,19868.7,0
6644 S. HARTWELL AVE,41.7736708,-87.621867,5,13525.51,0
6704 S. PEORIA ST,41.772235,-87.647381,5,10267.35,0
6705 S. PARNELL AVE,41.77229,-87.638309,15,38675.91,0
6708 S. PEORIA ST,41.7721051,-87.6472531,2,12444.9,0
6716 S. LOWE AVE,41.771947,-87.640683,16,24595.13,0
6716 S. PARNELL AVE,41.772019,-87.639094,15,21351.29,0
6719 S. PERRY AVE,41.772052,-87.627908,41,72359.07,0
6719 S. WOLCOTT AVE,41.7714339,-87.6710623,2,6359.97,0
6720 S. WOOD ST,41.7715197,-87.6691317,9,28837.64,0
6722 S. ASHLAND AVE,41.77141,-87.664336,5,11838.01,0
6724 S. GREEN ST,41.7717623,-87.6460865,17,28895.08,22.53
6731 S. ASHLAND AVE,41.771262,-87.663616,3,5530.82,0
6733 S. WINCHESTER AVE,41.7710849,-87.6722541,5,8845.58,0
6735 S. ASHLAND AVE,41.771126,-87.663612,1,533.29,0
6743 S. ASHLAND AVE,41.770921,-87.663606,1,2651.25,0
6747 S. CLAREMONT AVE,41.7705539,-87.6818222,36,72325.14,0
6749 S. GREEN ST,41.771033,-87.645436,14,30126.45,0
6751 S. HONORE ST,41.7706493,-87.6697038,10,22553.59,0
6753 S. HONORE ST,41.7706352,-87.6697863,15,38119.34,0
6755 S. HONORE ST,41.7705138,-87.6697073,10,21130.36,0
6757 S. OAKLEY AVE,41.7703779,-87.6805929,38,65506.23,0
6759 S. HONORE ST,41.7704397,-87.6697058,15,39072.06,0
68 E. 102ND PL,41.708384,-87.62098,10,22984.45,0
6803 S. MAY ST,41.7703879,-87.652704,18,50093,0
6805 S. ASHLAND AVE,41.7702426,-87.6636181,10,17607.15,0
6809 S. MARSHFIELD AVE,41.7700125,-87.6648745,42,75473.26,0
6812 S. MORGAN ST,41.770128,-87.649752,14,27296.95,0
6814 S. RACINE AVE,41.7700406,-87.65458,7,14699.36,0
6815 S. WINCHESTER AVE,41.7696936,-87.67211,29,53857.06,0
6818 S. ASHLAND AVE,41.769806,-87.6642585,4,4806.95,0
6819 S. ASHLAND AVE,41.769731,-87.663571,5,4690.72,1701.63
6819 S. MAY ST,41.769999,-87.6527049,18,46550.72,0
6819-6825 S. ASHLAND AVE,41.7697212,-87.6635481,9,13828.62,84.72
6820 S. ASHLAND AVE,41.769629,-87.664336,4,11081.74,0
6820 S. THROOP ST,41.7698508,-87.657029,16,23703.41,0
6825 S. ASHLAND AVE,41.7695195,-87.6635884,6,9286.27,0
6825 S. PEORIA ST,41.7698223,-87.6466438,8,20309.98,0
6825-6827 S. PEORIA ST,41.7698223,-87.6466438,5,3112.41,0
6827 S. PEORIA ST,41.7698113,-87.6466874,12,13773.17,0
6832 S. RACINE AVE,41.769499,-87.654594,12,23639.79,0
6833 S. ASHLAND AVE,41.769353,-87.66356,17,19988.16,0
6836 S. RACINE AVE,41.769431,-87.6545919,1,3765.79,0
6837 S. ASHLAND AVE,41.7692247,-87.6635033,23,35709.22,0
6843 S. ELIZABETH ST,41.769183,-87.655098,16,34021.36,0
6844 S. MAY ST,41.7690089,-87.653366,32,48036.39,0
6845 S. MAY ST,41.7692452,-87.6526382,39,85989.99,0
6845 S. WINCHESTER AVE,41.7690368,-87.6720969,9,12993.64,0
6901 S. PARNELL AVE,41.76855,-87.638096,18,28647.15,0
6912 S. MAY ST,41.7683226,-87.6533486,11,22397.94,0
6912 S. PERRY AVE,41.768689,-87.628698,25,43496.3,0
6914 S. BISHOP ST,41.7680535,-87.660652,1,1980.73,0
6914 S. MAY ST,41.768175,-87.653343,12,20916.11,0
6915 S. EMERALD AVE,41.7683065,-87.6428864,10,17681.35,0
6916 S. JUSTINE ST,41.767991,-87.663039,13,30271.79,0
6916 S. MAY ST,41.768106,-87.653349,9,14476.97,0
6918 S. ADA ST,41.7680757,-87.6581792,6,9907.78,0
6919 S. MAY ST,41.7681188,-87.652644,13,22836.56,0
6920 S. MAY ST,41.7679956,-87.6532951,16,27640.62,0
6921 S. CARPENTER ST,41.7680427,-87.6502351,18,33136.09,0
6923 S. BISHOP ST,41.767895,-87.659918,15,25472.61,0
6925 S. BISHOP ST,41.767847,-87.6600535,11,15919.99,0
6930 S. ADA ST,41.76769,-87.658182,8,15504.87,0
6933 S. ABERDEEN ST,41.7677798,-87.6513951,15,30501.88,0
6935 S. ABERDEEN ST,41.7677397,-87.6515223,12,31122.64,0
6935 S. ASHLAND AVE,41.767506,-87.663507,3,11664.78,0
6937 S. ASHLAND AVE,41.767438,-87.663505,4,5357.38,0
6941 S. ASHLAND AVE,41.76737,-87.663503,11,14606.93,0
6943 S. NORMAL BLVD,41.769419,-87.635191,10,21443.38,0
6948 S. WOLCOTT AVE,41.767008,-87.6714147,1,2641.07,0
6949 S. MAY ST,41.767333,-87.652623,17,28779.02,0
6950 S. ELIZABETH ST,41.76718,-87.655741,5,12312.63,0
6950 S. LOWE AVE,41.7673853,-87.641085,17,30280.27,0
6951 S. ASHLAND AVE,41.767096,-87.663495,5,6257.72,0
6951 S. UNION AVE,41.76742,-87.64167,24,52175.11,0
6952 S. ELIZABETH ST,41.767112,-87.65574,10,22944.42,0
6952 S. LOOMIS BLVD,41.7670861,-87.659403,2,4933.6,0
6953 S. PARNELL AVE,41.767444,-87.638064,1,2535.06,0
6956 S. NORMAL BLVD,41.7673025,-87.6374879,16,22071.18,0
6956 S. WALLACE ST,41.7672647,-87.6401048,20,75868.83,0
6958 S. ELIZABETH ST,41.7669799,-87.655736,11,24596.42,0
700 E. 93RD ST,41.725938,-87.606817,2,5246.77,0
7004 S. RACINE AVE,41.766599,-87.654514,14,20547.64,0
7007 S. ABERDEEN ST,41.766635,-87.651392,32,61585.66,0
7009 S. ELIZABETH ST,41.7665402,-87.6550211,1,1948.02,0
701 N. KEDZIE AVE,41.8939937,-87.7061255,12,8222.7,11150.52
701-703 N. KEDZIE AVE,41.8939937,-87.7061255,7,8591.17,1244.98
7013 S. WINCHESTER AVE,41.7661992,-87.6720247,23,43331.48,0
7018 S. ELIZABETH ST,41.766303,-87.6557178,6,15486.85,0
7020 S. PERRY AVE,41.76663,-87.628642,25,42006.78,0
7027 S. EMERALD AVE,41.766239,-87.642847,14,22061.77,0
7029 S. WINCHESTER AVE,41.765773,-87.672006,15,20043.3,0
7031 S. ASHLAND AVE,41.7657917,-87.6635307,1,0,581.72
7033 S. ASHLAND AVE,41.7657289,-87.6634555,1,-0.01,489.13
7035 S. ELIZABETH ST,41.7658162,-87.6549834,17,26661.83,0
7036 S. LAFLIN ST,41.765663,-87.661765,19,32068.3,40
7038 S. LAFLIN ST,41.765595,-87.6617629,13,26277.25,0
7039 S. ABERDEEN ST,41.7658236,-87.6513529,5,9330.37,0
704 E. 93RD ST,41.72594,-87.606668,2,3654.99,0
7042 S. PEORIA ST,41.76568,-87.647217,21,41120.35,0
7043 S. LOWE AVE,41.765825,-87.6404782,2,5051.33,0
7052 S. WOLCOTT AVE,41.7650502,-87.6714549,3,4110.12,0
7056 S. PERRY AVE,41.765671,-87.6286159,44,58301.64,0
708 E. 93RD ST,41.725942,-87.60653,2,8095.37,0
7105 S. HARVARD AVE,41.7652082,-87.6330607,17,29644.66,0
7106 S. PRINCETON AVE,41.765096,-87.632555,18,31438.08,0
7107 S. HARVARD AVE,41.765082,-87.633085,5,10466.4,0
7109 S. HARVARD AVE,41.765009,-87.633084,5,9746.31,0
711 N. KEDZIE AVE,41.8940339,-87.7061214,12,23947.27,0
7113 S. VINCENNES AVE,41.765045,-87.627653,44,85316.49,0
7115 S. MAY ST,41.764569,-87.652545,30,48777.93,0
7123-7127 S. ASHLAND AVE,41.7642942,-87.6633896,1,1790.01,0
7124 S. EGGLESTON AVE,41.764566,-87.636222,2,3927.22,0
7125 S. ASHLAND AVE,41.7642036,-87.663705,5,3457.29,0
7125-7127 S. ASHLAND AVE,41.7642036,-87.663705,4,3361.5,0
7127 S. ASHLAND AVE,41.764173,-87.663385,6,14489.8,0
7142 S. HARVARD AVE,41.764093,-87.633767,8,14426.53,0
7144 S. EGGLESTON AVE,41.7638337,-87.6361864,26,41395.82,0
7147 S. HARVARD AVE,41.7640045,-87.6331559,3,15144.43,0
715 N. CICERO AVE,41.8936448,-87.7453364,2,6074.88,0
717 N. CICERO AVE,41.8936763,-87.7452329,3,3480.2,0
7211 S. HONORE ST,41.7626477,-87.6695367,6,8270.26,0
7213 S. CARPENTER ST,41.762833,-87.650077,16,31900.67,0
7219 S. SANGAMON ST,41.7626905,-87.6476757,16,25081.58,0
7229 S. UNION AVE,41.762566,-87.641054,13,26029.76,0
723 N. TROY ST,41.8944898,-87.7050347,17,36033.77,6932.69
7233 S. WOOD ST,41.7619254,-87.668359,20,39604.77,0
7235 S. UNIVERSITY AVE,41.763146,-87.596651,1,1608.33,0
7236 S. PRINCETON AVE,41.7624742,-87.6324234,4,11216.79,0
724 W. 81ST ST,41.747275,-87.642561,2,4960.66,0
7244 S. ASHLAND AVE,41.7617195,-87.663989,1,0,3537.39
7244 S. WINCHESTER AVE,41.761682,-87.6725979,16,25168.98,0
7246 S. ASHLAND AVE,41.7616977,-87.6640915,3,2049.66,3579.39
7247 S. STEWART AVE,41.762189,-87.634229,1,2425.11,0
725 N. PULASKI RD,41.8944082,-87.7256238,2,6231.97,340
7250 S. ASHLAND AVE,41.761602,-87.664105,2,2049.16,0
7251 S. ABERDEEN ST,41.7691589,-87.6480336,29,62386.15,0
7251 S. PAULINA ST,41.7616016,-87.6658383,9,14944.59,0
7255 S. ABERDEEN ST,41.7617452,-87.6513823,31,65025.98,0
726 W. 60TH PL,41.7844254,-87.6436438,24,39158.58,0
728 N. DRAKE AVE,41.8945368,-87.7153182,11,19896.93,0
7303 S. SANGAMON ST,41.761361,-87.647612,28,58120.47,0
7313 S. MORGAN ST,41.761023,-87.6488166,5,7376.21,0
7324 S. ASHLAND AVE,41.76047,-87.664075,1,508.33,0
7330 S. ABERDEEN ST,41.7604705,-87.6518402,19,19840.75,0
7330 S. ASHLAND AVE,41.7602613,-87.6639312,1,915.63,0
734 S. LARAMIE AVE,41.870908,-87.755087,20,30144.91,0
7347 S. WOLCOTT AVE,41.7598363,-87.6707694,28,45186.77,0
738 S. KARLOV AVE,41.8712795,-87.7281451,20,20409.95,0
738 S. PULASKI RD,41.871209,-87.725606,21,18333.83,0
741 W. 81ST ST,41.7467972,-87.6431176,6,14125.77,0
7415 S. PARNELL AVE,41.7593094,-87.6380767,18,39791.5,0
7424 S. MAY ST,41.7588559,-87.6530842,5,8304.32,0
7426 S. MAY ST,41.7588071,-87.6530745,3,2237.71,0
743 W. 54TH PL,41.7949962,-87.6442463,7,13916.42,0
7433 S. ELLIS AVE,41.7595275,-87.6002091,5,7565.67,0
7436 S. UNION AVE,41.758655,-87.642179,3,4664.39,0
7440 S. UNION AVE,41.758545,-87.642176,2,3301.66,0
7444 S. UNION AVE,41.758422,-87.642165,7,7183.45,0
7449 S. EMERALD AVE,41.7584695,-87.6426538,2,2476.8,0
7455 S. PARNELL AVE,41.7582809,-87.638025,10,23130.96,0
746 W. 83RD ST,41.743612,-87.642404,4,13222.46,0
75 E. 100TH PL,41.7114861,-87.6207991,6,14272.39,0
752 S. CALIFORNIA AVE,41.871324,-87.696372,7,1233.5,4550.16
7544 S. HARVARD AVE,41.7567529,-87.633188,22,53568.11,0
7600 S. LOWE AVE,41.755973,-87.640872,27,53381.33,0
7601 S. LOWE AVE,41.756008,-87.640251,1,1931.51,0
7606 S. LOWE AVE,41.7557678,-87.640748,15,36323.42,0
7640 S. ASHLAND AVE,41.7545969,-87.663934,8,10091.57,0
7640-7642 S. ASHLAND AVE,41.7545969,-87.663934,2,1035.06,0
7642 S. ASHLAND AVE,41.754522,-87.663929,13,18344.02,0
7752 S. ASHLAND AVE,41.752368,-87.663875,5,2714.83,340
7754 S. LOWE AVE,41.7526579,-87.64078,17,27767.69,0
7820 S. ESCANABA AVE,41.7530811,-87.5543456,4,11944.91,0
7839 S. UNION AVE,41.7513534,-87.6414108,22,42236.83,0
7945 S. WOLCOTT AVE,41.7489639,-87.6704433,30,55796.67,0
7952 S. UNION AVE,41.74916,-87.641912,18,44003.24,0
800 S. PULASKI RD,41.8706824,-87.7256554,32,38389.1,0
8002 S. ESCANABA AVE,41.74989,-87.554417,7,9985.76,0
8012 S. KIMBARK AVE,41.74912,-87.593355,8,9387.71,0
8022 S. NORMAL AVE,41.7481461,-87.636991,19,30352.71,0
8023 S. MANISTEE AVE,41.7493018,-87.5573579,3,5029.62,0
8040 S. EXCHANGE AVE,41.7488792,-87.5532173,2,2131.62,0
8041 S. PARNELL AVE,41.74768,-87.637517,9,21949.54,0
8041 S. VINCENNES AVE,41.7476307,-87.6347357,15,33713.85,0
8045 S. PARNELL AVE,41.747606,-87.6375149,8,13160.93,0
8050 S. ASHLAND AVE,41.7470849,-87.6637492,13,19811.96,0
8211 S. ASHLAND AVE,41.7444909,-87.6629282,2,1103.02,0
8214 S. ASHLAND AVE,41.7444361,-87.6636272,5,5958.87,0
8218 S. ASHLAND AVE,41.7442511,-87.6636617,6,8131.41,0
825 N. DRAKE AVE,41.8963293,-87.7148906,9,9096.32,0
8250 S. EMERALD AVE,41.743788,-87.642977,1,1769.15,0
8256 S. EMERALD AVE,41.743535,-87.6429689,3,4451.79,0
8259 S. GREEN ST,41.74349,-87.644705,20,45902.86,0
833 W. 68TH ST,41.770455,-87.646123,38,77669.56,0
8340 S. BURNHAM AVE,41.7433573,-87.5566291,5,8432.34,0
8345 S. GREEN ST,41.74205,-87.644719,4,6669.36,0
837 W. 103RD ST,41.7066476,-87.6444207,7,15337.08,0
844 W. 119TH ST,41.6780511,-87.6438123,10,14524.42,0
8539 S. ABERDEEN ST,41.7385127,-87.6506154,14,34349.71,0
854 W. 53RD ST,41.7980724,-87.6473961,7,14022.08,0
8541 S. ABERDEEN ST,41.7383962,-87.6506245,15,33372.96,0
857 N. DRAKE AVE,41.8971447,-87.714819,8,18434.87,990.74
8712 S. WINCHESTER AVE,41.7349938,-87.6713771,2,2847.34,0
8717 S. PEORIA ST,41.73535,-87.6458,6,8683.34,0
8736 S. DAUPHIN AVE,41.7355705,-87.6018388,4,4320.56,0
8910 S. ANTHONY AVE,41.7331268,-87.5638327,5,11644.08,0
8940 S. ASHLAND AVE,41.7308637,-87.663333,1,0,300
8942 S. ASHLAND AVE,41.7309525,-87.663313,1,1227.01,0
900 N. CICERO AVE,41.8971175,-87.7462832,1,0,300
9000 S. CARPENTER ST,41.7303508,-87.6497976,7,12434.74,0
9001 S. BURLEY AVE,41.7317846,-87.545346,5,10750.91,0
901 W. 51ST PL,41.8003916,-87.6479892,42,84343.62,0
9021 S. COLFAX AVE,41.731018,-87.5606789,24,34854.22,0
9041 S. MACKINAW AVE,41.730753,-87.542497,2,4068.54,0
9056 S. ANTHONY AVE,41.730579,-87.560077,24,38599.95,0
906 N. CICERO AVE,41.8971193,-87.746228,6,-0.09,3224.25
911 E. 91ST PL,41.7282139,-87.6017665,1,661.5,0
914 E. 93RD ST,41.726013,-87.601933,1,1674.37,0
918 N. SPRINGFIELD AVE,41.8978269,-87.7241645,1,1817.34,0
9237 S. DOBSON AVE,41.7264594,-87.5982607,6,9263.45,0
9260 S. ANTHONY AVE,41.726586,-87.554651,8,42142.97,0
9328 S. COTTAGE GROVE AVE,41.724817,-87.604943,3,8725.89,0
933 W. 68TH ST,41.7703905,-87.6484903,31,59669.77,0
9333 S. HARPER AVE,41.72496,-87.5863845,1,1668.25,0
9341 S. GREENWOOD AVE,41.7245828,-87.5969538,12,26669.92,0
936 W. 51ST PL,41.800892,-87.649236,7,16043.53,0
938 W. 50TH PL,41.8027149,-87.6493821,3,7192.81,0
944 W. 50TH ST,41.8036106,-87.6494921,9,16867.35,0
952 N. AVERS AVE,41.8987675,-87.7227896,5,9916.43,0
9522 S. LAFAYETTE AVE,41.72093,-87.6253909,11,34401.09,0
9533 S. HARVARD AVE,41.7205781,-87.6319934,2,8763.62,0
954 N. MONTICELLO AVE,41.8989514,-87.7180074,3,10664.27,0
9732 S. COMMERCIAL AVE,41.7181301,-87.5514349,6,8917.73,0
9738 S. COMMERCIAL AVE,41.7179002,-87.551416,2,4038.83,0
9924 S. WENTWORTH AVE,41.7135223,-87.6281266,4,8393.73,0
9928 S. TORRENCE AVE,41.714451,-87.5601276,1,1195.74,0